{"cameraMode":{"drawMode":0,"name":"Shaded","section":"Shading Mode"},"sceneLighting":true,"audioPlay":false,"sceneViewState":{"showFog":true,"showMaterialUpdate":false,"showSkybox":true,"showFlares":true,"showImageEffects":true,"showParticleSystems":true},"in2DMode":false,"pivot":{"x":0.43465009331703188,"y":1.0990252494812012,"z":7.405144691467285},"rotation":{"x":0.19491548836231233,"y":0.21860022842884065,"z":-0.044610295444726947,"w":0.9551225304603577},"size":4.988840103149414,"orthographic":false}