{"cameraMode":{"drawMode":0,"name":"Shaded","section":"Shading Mode"},"sceneLighting":false,"audioPlay":false,"sceneViewState":{"showFog":true,"showMaterialUpdate":false,"showSkybox":false,"showFlares":true,"showImageEffects":true,"showParticleSystems":true},"in2DMode":false,"pivot":{"x":-5.320000171661377,"y":1.2023210525512696,"z":7.276877403259277},"rotation":{"x":-0.034745585173368457,"y":-0.05902155861258507,"z":0.002026284346356988,"w":-0.9977108836174011},"size":6.244322299957275,"orthographic":false}