{"cameraMode":{"drawMode":0,"name":"Shaded","section":"Shading Mode"},"sceneLighting":true,"audioPlay":false,"sceneViewState":{"showFog":true,"showMaterialUpdate":false,"showSkybox":false,"showFlares":true,"showImageEffects":true,"showParticleSystems":true},"in2DMode":false,"pivot":{"x":30.329814910888673,"y":1.2597594261169434,"z":-32.19917678833008},"rotation":{"x":0.01903420314192772,"y":0.8922317028045654,"z":-0.037773679941892627,"w":0.44963768124580386},"size":47.97077560424805,"orthographic":false}