{"cameraMode":{"drawMode":0,"name":"Shaded","section":"Shading Mode"},"sceneLighting":true,"audioPlay":false,"sceneViewState":{"showFog":true,"showMaterialUpdate":false,"showSkybox":false,"showFlares":true,"showImageEffects":true,"showParticleSystems":true},"in2DMode":false,"pivot":{"x":-17.70001220703125,"y":0.7796671390533447,"z":0.0},"rotation":{"x":-0.10942880064249039,"y":0.17032112181186677,"z":-0.019125815480947496,"w":-0.9791797399520874},"size":2333.471435546875,"orthographic":false}